Marque,AI-IQ Agents,Status
Knight Frank,70,🟡 Partial Access
Sotheby's International Realty,25,🔴 Legacy Blocked
SERHANT.,55,🟡 Partial Access
Savills,65,🟡 Partial Access
Christie's International Real Estate,60,🟡 Partial Access
Rolex,5,🔴 Legacy Blocked
Hermès,5,🔴 Legacy Blocked
Patek Philippe,5,🔴 Legacy Blocked
Goyard,5,🔴 Legacy Blocked
Audemars Piguet,5,🔴 Legacy Blocked
Cartier,5,🔴 Legacy Blocked
Chanel,5,🔴 Legacy Blocked
Ferrari,5,🔴 Legacy Blocked
Porsche,5,🔴 Legacy Blocked
Riva (Ferretti Group),5,🔴 Legacy Blocked
Gulfstream,5,🔴 Legacy Blocked
Aston Martin,65,🟡 Partial Access
Sunseeker,5,🔴 Legacy Blocked
Dassault Falcon,5,🔴 Legacy Blocked
LVMH,5,🔴 Legacy Blocked
Aura Blockchain Consortium,5,🔴 Legacy Blocked
Mercedes-Benz,55,🟡 Partial Access
Prada Group,65,🟡 Partial Access
OTB Group,5,🔴 Legacy Blocked
Hublot,5,🔴 Legacy Blocked
Bulgari,5,🔴 Legacy Blocked
Tiffany & Co.,5,🔴 Legacy Blocked
Hennessy,60,🟡 Partial Access
H. Moser & Cie,5,🔴 Legacy Blocked
Panerai,5,🔴 Legacy Blocked
Vacheron Constantin,5,🔴 Legacy Blocked
IWC Schaffhausen,5,🔴 Legacy Blocked
Jaeger-LeCoultre,5,🔴 Legacy Blocked
Baume & Mercier,5,🔴 Legacy Blocked
Roger Dubuis,5,🔴 Legacy Blocked
Piaget,5,🔴 Legacy Blocked
Chloé,5,🔴 Legacy Blocked
Dunhill,5,🔴 Legacy Blocked
Montblanc,5,🔴 Legacy Blocked
