Marque,AI-IQ Agents,Catégorie,Proof URL,Résultat Audit 2A,Status,URL,URL Officielle
Patek Philippe,,01_Luxury,,97,,https://www.patek.com,https://www.patek.com/
Loro Piana,,01_Luxury,,96,,https://www.loropiana.com,https://www.lvmh.fr/
Brunello Cucinelli,,01_Luxury,,95,,https://www.brunellocucinelli.com,https://investor.brunellocucinelli.com/
Vacheron Constantin,,01_Luxury,,94,,https://www.vacheron-constantin.com,https://www.richemont.com/sustainability/
Cartier,,01_Luxury,,94,,https://www.cartier.com,https://www.cartier.com/
Rolex,,01_Luxury,,93,,https://www.rolex.com,https://www.rolex.com/
Audemars Piguet,,01_Luxury,,93,,https://www.audemarspiguet.com,https://www.audemarspiguet.com/
Chanel,,01_Luxury,,92,,https://www.chanel.com,https://www.chanel.com/
Louis Vuitton,,01_Luxury,,91,,https://www.louisvuitton.com,https://www.lvmh.fr/
Hermès,,01_Luxury,,98,,https://www.hermes.com,https://finance.hermes.com/fr/
Van Cleef & Arpels,,01_Luxury,,91,,https://www.vancleefarpels.com,https://www.vancleefarpels.com/
Schiaparelli,,01_Luxury,,91,,https://www.schiaparelli.com,https://www.schiaparelli.com/
Piaget,,01_Luxury,,91,,https://www.piaget.com,https://www.piaget.com/
Dior,,01_Luxury,,90,,https://www.dior.com,https://www.dior.com/
Breguet,,01_Luxury,,90,,https://www.breguet.com,https://www.swatchgroup.com/
Comme des Garçons,,01_Luxury,,90,,https://www.comme-des-garcons.com,https://www.comme-des-garcons.com/
Jaeger-LeCoultre,,01_Luxury,,89,,https://www.jaeger-lecoultre.com,https://www.jaeger-lecoultre.com/
Dries Van Noten,,01_Luxury,,89,,https://www.driesvannoten.com,https://www.puig.com/
Bulgari,,01_Luxury,,89,,https://www.bulgari.com,https://www.bulgari.com/
Oscar de la Renta,,01_Luxury,,89,,https://www.oscardelarenta.com,https://www.oscardelarenta.com/
Rimowa,,01_Luxury,,88,,https://www.rimowa.com,https://www.lvmh.fr/
Prada,,01_Luxury,,87,,https://www.prada.com,https://www.pradagroup.com/
Saint Laurent,,01_Luxury,,87,,https://www.ysl.com,https://www.kering.com/
Fendi,,01_Luxury,,86,,https://www.fendi.com,https://www.fendi.com/
Gucci,,01_Luxury,,84,,https://www.gucci.com,https://www.kering.com/
Balenciaga,,01_Luxury,,50,,https://www.balenciaga.com,https://www.kering.com/
Goyard,,01_Luxury,,46,,https://www.goyard.com,https://www.goyard.com/
La Roche-Posay,,02_Beauty,,98,,https://www.laroche-posay.fr,https://www.loreal.com/
Dior Beauty,,02_Beauty,,98,,https://www.dior.com/beauty,https://www.lvmh.fr/
Chanel Beauty,,02_Beauty,,96,,https://www.chanel.com/beauty,https://www.chanel.com/
Augustinus Bader,,02_Beauty,,95,,https://augustinusbader.com,https://augustinusbader.com/
Fenty Beauty,,02_Beauty,,94,,https://fentybeauty.com,https://www.lvmh.fr/
Lyma Life,,02_Beauty,,93,,https://lyma.life,https://lyma.life/
Biologique Recherche,,02_Beauty,,93,,https://www.biologique-recherche.com,https://www.biologique-recherche.com/
Rare Beauty,,02_Beauty,,92,,https://www.rarebeauty.com,https://www.rarebeauty.com/
Dr. Barbara Sturm,,02_Beauty,,92,,https://www.drsturm.com,https://www.drsturm.com/
Rationale,,02_Beauty,,91,,https://www.rationale.com,https://www.rationale.com/
The Ordinary,,02_Beauty,,91,,https://theordinary.com,https://www.elcompanies.com/
Sephora,,02_Beauty,,90,,https://www.sephora.fr,https://www.lvmh.fr/
Typology,,02_Beauty,,90,,https://www.typology.com,https://www.typology.com/
Creed,,02_Beauty,,90,,https://www.creedfragrance.com,https://www.blackrock.com/
Ex Nihilo,,02_Beauty,,89,,https://www.ex-nihilo-paris.com,https://www.ex-nihilo-paris.com/
Pat McGrath Labs,,02_Beauty,,89,,https://www.patmcgrath.com,https://www.patmcgrath.com/
Westman Atelier,,02_Beauty,,88,,https://www.westman-atelier.com,https://www.westman-atelier.com/
Estée Lauder,,02_Beauty,,88,,https://www.esteelauder.fr,https://www.elcompanies.com/
Lancôme,,02_Beauty,,87,,https://www.lancome.fr,https://www.loreal.com/
Sulwhasoo,,02_Beauty,,86,,https://www.sulwhasoo.com,https://www.sulwhasoo.com/
Clinique,,02_Beauty,,86,,https://www.clinique.fr,https://www.elcompanies.com/
Clarins,,02_Beauty,,84,,https://www.clarins.fr,https://www.clarins.fr/
Huda Beauty,,02_Beauty,,84,,https://hudabeauty.com,https://hudabeauty.com/
Shiseido,,02_Beauty,,83,,https://www.shiseido.fr,https://corp.shiseido.com/
Aesop,,02_Beauty,,79,,https://www.aesop.com,https://www.loreal.com/
CeraVe,,02_Beauty,,77,,https://www.cerave.fr,https://www.loreal.com/
Glossier,,02_Beauty,,66,,https://www.glossier.com,https://www.glossier.com/
Rhode,,02_Beauty,,38,,https://www.rhodeskin.com,https://www.rhodeskin.com/
Chopard,,01_Luxury,,87,,https://www.chopard.com,https://www.chopard.com/
Loewe,,01_Luxury,,85,,https://www.loewe.com,https://www.lvmh.fr/
Omega,,01_Luxury,,88,,https://www.omegawatches.com,https://www.omegawatches.com/
IWC Schaffhausen,,01_Luxury,,88,,https://www.iwc.com,https://www.iwc.com/
Maison Margiela,,01_Luxury,,88,,https://www.maisonmargiela.com,https://www.otb.net/
Bottega Veneta,,01_Luxury,,86,,https://www.bottegaveneta.com,https://www.kering.com/
Celine,,01_Luxury,,86,,https://www.celine.com,https://www.lvmh.fr/
Burberry,,01_Luxury,,82,,https://www.burberry.com,https://www.burberryplc.com/
Dolce & Gabbana,,01_Luxury,,66,,https://www.dolcegabbana.com,https://www.dolcegabbana.com/
Bond No.9,,02_Beauty,,88,,https://www.bondno9.com,https://www.bondno9.com/
Jo Malone,,02_Beauty,,84,,https://www.jomalone.fr,https://www.elcompanies.com/
Ilia Beauty,,02_Beauty,,83,,https://iliabeauty.com,https://www.famillec.com/
Lisa Eldridge,,02_Beauty,,83,,https://www.lisaeldridge.com,https://www.lisaeldridge.com/
Sunday Riley,,02_Beauty,,80,,https://sundayriley.com,https://sundayriley.com/
Kiehl's,,02_Beauty,,79,,https://www.kiehls.fr,https://www.loreal.com/
Drunk Elephant,,02_Beauty,,75,,https://www.drunkelephant.com,https://corp.shiseido.com/
Avene,,02_Beauty,,73,,https://www.eau-thermale-avene.fr,https://www.pierre-fabre.com/
YSL Beauty,,02_Beauty,,72,,https://www.yslbeauty.fr,https://www.loreal.com/
Aman Residences,,03_Real Estate,,99,,https://www.aman.com/residences,https://www.aman.com/residences
Knight Frank,,03_Real Estate,,98,,https://www.knightfrank.com,https://www.knightfrank.com/
Sotheby's International Realty,,03_Real Estate,,98,,https://www.sothebysrealty.com,https://www.sothebysrealty.com/
The Ritz-Carlton Residences,,03_Real Estate,,97,,https://www.marriott.com,https://www.marriott.com/
Savills,,03_Real Estate,,97,,https://www.savills.com,https://www.savills.com/
Four Seasons Private Residences,,03_Real Estate,,97,,https://www.fourseasons.com/residences/,https://www.fourseasons.com/residences/
SERHANT.,,03_Real Estate,,96,,https://www.serhant.com,https://www.serhant.com/
Christie's International Real Estate,,03_Real Estate,,96,,https://www.christiesrealestate.com,https://www.christiesrealestate.com/
EMAAR Properties,,03_Real Estate,,96,,https://www.emaar.com,https://www.emaar.com/
V&A Waterfront,,03_Real Estate,,95,,https://www.waterfront.co.za,https://www.waterfront.co.za/
Swire Properties,,03_Real Estate,,95,,https://www.swireproperties.com,https://www.swireproperties.com/
Kretz Family Real Estate,,03_Real Estate,,94,,https://www.kretz.fr,https://www.kretz.fr/
JLL,,03_Real Estate,,94,,https://www.jll.com,https://www.jll.com/
CBRE Residential,,03_Real Estate,,94,,https://www.cbre.com,https://www.cbre.com/
The Agency (Mauricio Umansky),,03_Real Estate,,93,,https://www.theagencyre.com,https://www.theagencyre.com/
Related Companies,,03_Real Estate,,93,,https://www.related.com,https://www.related.com/
Extell Development,,03_Real Estate,,93,,https://www.extell.com,https://www.extell.com/
Chelsfield,,03_Real Estate,,92,,https://www.chelsfield.com,https://www.chelsfield.com/
Barnes International,,03_Real Estate,,91,,https://www.barnes-international.com,https://www.barnes-international.com/
Engel & Völkers,,03_Real Estate,,91,,https://www.engelvoelkers.com,https://www.engelvoelkers.com/
Daniel Féau,,03_Real Estate,,91,,https://www.feau-immobilier.fr,https://www.feau-immobilier.fr/
Official (Oren & Tal Alexander),,03_Real Estate,,90,,https://www.official-estates.com,https://www.official-estates.com/
One57 (New York),,03_Real Estate,,90,,https://www.extell.com,https://www.extell.com/
Antilia (Mumbai),,03_Real Estate,,90,,https://www.ril.com,https://www.ril.com/
Candy Capital,,03_Real Estate,,89,,https://www.candycapital.com,https://www.candycapital.com/
Berkeley Group,,03_Real Estate,,88,,https://www.berkeleygroup.co.uk,https://www.berkeleygroup.co.uk/
Grosvenor Estate,,03_Real Estate,,87,,https://www.grosvenor.com,https://www.grosvenor.com/
NEOM (Residential),,03_Real Estate,,85,,https://www.neom.com,https://www.neom.com/
Damac Properties,,03_Real Estate,,78,,https://www.damacproperties.com,https://www.damacproperties.com/
Country Garden,,03_Real Estate,,65,,https://www.countrygarden.com.hk,https://www.countrygarden.com.hk/
Evergrande Residential,,03_Real Estate,,45,,https://www.evergrande.com,https://www.evergrande.com/
Hermès Maison,,,,98,,https://www.hermes.com,https://finance.hermes.com/fr/
Gaggenau,,,,98,,https://www.gaggenau.com,https://www.gaggenau.com/
La Cornue,,,,98,,https://www.lacornue.com,https://www.lacornue.com/
Baccarat,,,,97,,https://www.baccarat.com,https://www.baccarat.com/
Boffi,,,,97,,https://www.boffi.com,https://www.boffi.com/
Edra,,,,97,,https://www.edra.com,https://www.edra.com/
Budri,,,,97,,https://www.budri.com,https://www.budri.com/
Dyson Home,,,,96,,https://www.dyson.fr,https://www.dyson.fr/
Bisazza,,,,96,,https://www.bisazza.com,https://www.bisazza.com/
Poltrona Frau,,,,96,,https://www.poltronafrau.com,https://www.poltronafrau.com/
Bulthaup,,,,96,,https://bulthaup.com,https://bulthaup.com/
Roche Bobois,,,,94,,https://www.roche-bobois.com,https://www.roche-bobois.com/
Farrow & Ball,,,,94,,https://www.farrow-ball.com,https://www.farrow-ball.com/
Minotti,,,,94,,https://www.minotti.com,https://www.minotti.com/
Poliform,,,,94,,https://www.poliform.it,https://www.poliform.it/
Miele,,,,93,,https://www.miele.fr,https://www.miele.fr/
Ligne Roset,,,,93,,https://www.ligne-roset.com,https://www.ligne-roset.com/
Giorgetti,,,,93,,https://www.giorgettimeda.com,https://www.giorgettimeda.com/
Cassina,,,,92,,https://www.cassina.com,https://www.cassina.com/
Bang & Olufsen,,,,92,,https://www.bang-olufsen.com,https://www.bang-olufsen.com/
Rimadesio,,,,92,,https://www.rimadesio.it,https://www.rimadesio.it/
Vitra,,,,90,,https://www.vitra.com,https://www.vitra.com/
Flos,,,,90,,https://flos.com,https://flos.com/
Kartell,,,,91,,https://www.kartell.com,https://www.kartell.com/
Artek,,,,87,,https://www.artek.fi,https://www.artek.fi/
IKEA,,,,85,,https://www.ikea.com,https://www.ikea.com/
Zara Home,,,,82,,https://www.zarahome.com,https://www.zarahome.com/
Made.com,,,,65,,https://www.next.co.uk,https://www.next.co.uk/
Carl Hansen & Søn,,,,95,,https://www.carlhansen.com,https://www.carlhansen.com/
PP Møbler,,,,96,,https://www.pp.dk,https://www.pp.dk/
B&B Italia,,,,95,,https://www.bebitalia.com,https://www.bebitalia.com/
Flexform,,,,95,,https://www.flexform.it,https://www.flexform.it/
Molteni&C,,,,94,,https://www.molteni.it,https://www.molteni.it/
Valcucine,,,,95,,https://www.valcucine.com,https://www.valcucine.com/
Sub-Zero Wolf,,,,97,,https://www.subzero-wolf.com,https://www.subzero-wolf.com/
Vola,,,,95,,https://vola.com,https://vola.com/
Dornbracht,,,,94,,https://www.dornbracht.com,https://www.dornbracht.com/
Mutina,,,,95,,https://www.mutina.it,https://www.mutina.it/
Salvatori,,,,94,,https://www.salvatoriofficial.com,https://www.salvatoriofficial.com/
Antolini,,,,96,,https://www.antolini.com,https://www.antolini.com/
Dekton (Cosentino),,,,94,,https://www.cosentino.com/dekton/,https://www.cosentino.com/dekton/
Silestone,,,,92,,https://www.cosentino.com/silestone/,https://www.cosentino.com/silestone/
Corian (DuPont),,,,93,,https://www.corian.fr,https://www.corian.fr/
Sicis,,,,94,,https://www.sicis.com,https://www.sicis.com/
Margraf,,,,95,,https://www.margraf.it,https://www.margraf.it/
Knoll,,,,88,,https://www.knoll.com,https://www.knoll.com/
Fritz Hansen,,,,89,,https://fritzhansen.com,https://fritzhansen.com/
Artemide,,,,89,,https://www.artemide.com,https://www.artemide.com/
Zanotta,,,,91,,https://www.zanotta.it,https://www.zanotta.it/
Magis,,,,88,,https://www.magisdesign.com,https://www.magisdesign.com/
Samsung Bespoke,,,,91,,https://www.samsung.com,https://www.samsung.com/
Smeg,,,,88,,https://www.smeg.com,https://www.smeg.com/
Toto,,,,92,,https://www.toto.com,https://www.toto.com/
Kohler,,,,91,,https://www.kohler.fr,https://www.kohler.fr/
Duravit,,,,89,,https://www.duravit.fr,https://www.duravit.fr/
Hay,,,,84,,https://www.hay.dk,https://www.hay.dk/
Muuto,,,,83,,https://www.muuto.com,https://www.muuto.com/
Ferm Living,,,,83,,https://fermliving.com,https://fermliving.com/
GUBI,,,,81,,https://gubi.com,https://gubi.com/
BoConcept,,,,81,,https://www.boconcept.com,https://www.boconcept.com/
West Elm,,,,77,,https://www.westelm.com,https://www.westelm.com/
Interior Define,,,,78,,https://www.interiordefine.com,https://www.interiordefine.com/
Oura Ring,,,,96,,https://ouraring.com,https://ouraring.com/
Whoop,,,,94,,https://www.whoop.com,https://www.whoop.com/
ZOI,,,,93,,https://www.zoi.com,https://www.zoi.com/
Therabody,,,,92,,https://www.therabody.com,https://www.therabody.com/
Eight Sleep,,,,92,,https://www.eightsleep.com,https://www.eightsleep.com/
Withings,,,,90,,https://www.withings.com,https://www.withings.com/
Thorne,,,,89,,https://www.thorne.com,https://www.thorne.com/
Levels Health,,,,88,,https://www.levelshealth.com,https://www.levelshealth.com/
Clinique La Prairie,,,,88,,https://laprairie.ch,https://laprairie.ch/
Biogena,,,,88,,https://www.biogena.com,https://www.biogena.com/
Lanserhof,,,,87,,https://www.lanserhof.com,https://www.lanserhof.com/
Headspace,,,,87,,https://www.headspace.com,https://www.headspace.com/
Calm,,,,86,,https://www.calm.com,https://www.calm.com/
ZOE,,,,85,,https://joinzoe.com,https://joinzoe.com/
MNDGYM,,,,85,,https://mndgym.com,https://mndgym.com/
Thrival,,,,84,,https://thrivalnutrition.com,https://thrivalnutrition.com/
ENERGYbits®,,,,83,,https://www.energybits.com,https://www.energybits.com/
Viome,,,,82,,https://www.viome.com,https://www.viome.com/
Ritual,,,,81,,https://ritual.com,https://ritual.com/
HVMN,,,,78,,https://hvmn.com,https://hvmn.com/
Somnee,,,,78,,https://www.somnee.com,https://www.somnee.com/
Ancient + Brave,,,,77,,https://ancientandbrave.com,https://ancientandbrave.com/
Peloton,,,,77,,https://www.onepeloton.com,https://www.onepeloton.com/
Bloom Nutrition,,,,76,,https://bloomnu.com,https://bloomnu.com/
Bía Smart Mask,,,,75,,https://www.biacare.com,https://www.biacare.com/
Timeline,,,,75,,https://www.timelinenutrition.com,https://www.timelinenutrition.com/
Elysium Health,,,,74,,https://www.elysiumhealth.com,https://www.elysiumhealth.com/
Caudalie Wellness,,,,73,,https://caudalie.com,https://caudalie.com/
Bioptron Hyperlight,,,,73,,https://www.zepter.com,https://www.zepter.com/
Forme,,,,72,,https://forme.life,https://forme.life/
Aegis Formulas,,,,72,,https://aegisformulas.com,https://aegisformulas.com/
Fountain Life,,,,71,,https://fountainlife.com,https://fountainlife.com/
Plated,,,,70,,https://www.plated.com,https://www.plated.com/
Nestlé Health Science,,,,70,,https://www.nestlehealthscience.com,https://www.nestlehealthscience.com/
Infiniwell,,,,69,,https://infiniwell.com,https://infiniwell.com/
Abbott,,,,69,,https://www.abbott.com,https://www.abbott.com/
Unilever Wellness,,,,68,,https://www.unilever.com,https://www.unilever.com/
Cure,,,,68,,https://curehydration.com,https://curehydration.com/
Seed,,,,67,,https://seed.com,https://seed.com/
LMNT,,,,67,,https://drinklmnt.com,https://drinklmnt.com/
Moon Juice,,,,66,,https://moonjuice.com,https://moonjuice.com/
Tally Health,,,,65,,https://tallyhealth.com,https://tallyhealth.com/
Aware,,,,63,,https://www.aware-health.com,https://www.aware-health.com/
Lululemon Studio,,,,62,,https://www.lululemon.com,https://www.lululemon.com/
Pendulum,,,,61,,https://pendulumlife.com,https://pendulumlife.com/
Vivobase,,,,61,,https://www.vivobase.com,https://www.vivobase.com/
Wild Nutrition,,,,58,,https://www.wildnutrition.com,https://www.wildnutrition.com/
Hum Nutrition,,,,56,,https://www.humnutrition.com,https://www.humnutrition.com/
Sakara Life,,,,54,,https://www.sakara.com,https://www.sakara.com/
Jacquemus,,06_Apparel,,94,,https://www.jacquemus.com,https://www.jacquemus.com/
Patagonia,,06_Apparel,,92,,https://www.patagonia.com,https://www.patagonia.com/ownership/
Kith,,06_Apparel,,90,,https://kith.com,https://kith.com/
Sézane,,06_Apparel,,89,,https://www.sezane.com,https://www.sezane.com/
Stella McCartney,,06_Apparel,,89,,https://www.stellamccartney.com,https://www.stellamccartney.com/sustainability/
Marine Serre,,06_Apparel,,88,,https://marineserre.com,https://marineserre.com/
Aimé Leon Dore,,06_Apparel,,88,,https://www.aimeleondore.com,https://www.aimeleondore.com/
Palace,,06_Apparel,,87,,https://www.palaceskateboards.com,https://www.palaceskateboards.com/
Fear of God,,06_Apparel,,87,,https://fearofgod.com,https://fearofgod.com/
Ami Paris,,06_Apparel,,86,,https://www.amiparis.com,https://www.amiparis.com/
Skims,,06_Apparel,,86,,https://skims.com,https://skims.com/
Stone Island,,06_Apparel,,85,,https://www.stoneisland.com,https://www.monclergroup.com/
Stüssy,,06_Apparel,,85,,https://www.stussy.com,https://www.stussy.com/
Arc'teryx,,06_Apparel,,84,,https://www.arcteryx.com,https://www.arcteryx.com/
Reformation,,06_Apparel,,84,,https://www.thereformation.com,https://www.thereformation.com/
Acne Studios,,06_Apparel,,83,,https://www.acnestudios.com,https://www.acnestudios.com/
Telfar,,06_Apparel,,83,,https://telfar.net,https://telfar.net/
Ganni,,06_Apparel,,82,,https://ganni.com,https://ganni.com/
Supreme,,06_Apparel,,82,,https://www.supremenewyork.com,https://www.vfcorp.com/
Veja,,06_Apparel,,82,,https://www.veja-store.com,https://project.veja-store.com/
Courrèges,,06_Apparel,,81,,https://www.courreges.com,https://www.courreges.com/
Toteme,,06_Apparel,,81,,https://toteme-studio.com,https://toteme-studio.com/
Salomon (S/LAB),,06_Apparel,,80,,https://www.salomon.com,https://www.amersports.com/
A.P.C.,,06_Apparel,,80,,https://www.apc.fr,https://www.apc.fr/
Lululemon,,06_Apparel,,78,,https://www.lululemon.fr,https://corporate.lululemon.com/
Alo Yoga,,06_Apparel,,77,,https://www.aloyoga.com,https://www.aloyoga.com/
On Running,,06_Apparel,,77,,https://www.on-running.com,https://investors.on-running.com/
Hoka,,06_Apparel,,76,,https://www.hoka.com,https://www.deckers.com/
Diesel,,06_Apparel,,79,,https://www.diesel.com,https://www.otb.net/
COS,,06_Apparel,,79,,https://www.cos.com,https://hmgroup.com/
Arket,,06_Apparel,,78,,https://www.arket.com,https://hmgroup.com/
Massimo Dutti,,06_Apparel,,78,,https://www.massimodutti.com,https://www.inditex.com/
Nike (Lab),,06_Apparel,,74,,https://www.nike.com,https://investors.nike.com/
Adidas Originals,,06_Apparel,,73,,https://www.adidas.fr,https://www.adidas-group.com/
Sandro,,06_Apparel,,55,,https://www.sandro-paris.com,https://www.smcp.com/
Maje,,06_Apparel,,55,,https://www.maje.com,https://www.smcp.com/
Zadig & Voltaire,,06_Apparel,,53,,https://www.zadig-et-voltaire.com,https://www.zadig-et-voltaire.com/
The Kooples,,06_Apparel,,48,,https://www.thekooples.com,https://www.thekooples.com/
Bonpoint,,06_Apparel,,51,,https://www.bonpoint.com,https://www.bonpoint.com/
Jacadi,,06_Apparel,,52,,https://www.jacadi.fr,https://www.jacadi.fr/
Mini Rodini,,06_Apparel,,45,,https://www.minirodini.com,https://www.minirodini.com/
Liewood,,06_Apparel,,44,,https://www.liewood.com,https://www.liewood.com/
Olipop,,,,96,,https://drinkolipop.com,https://drinkolipop.com/
Liquid Death,,,,95,,https://liquiddeath.com,https://liquiddeath.com/
Graza,,,,94,,https://www.graza.co,https://www.graza.co/
Athletic Greens (AG1),,,,93,,https://drinkag1.com,https://drinkag1.com/
Huel,,,,92,,https://huel.com,https://huel.com/
Poppi,,,,91,,https://drinkpoppi.com,https://drinkpoppi.com/
Momofuku Goods,,,,90,,https://shop.momofuku.com,https://shop.momofuku.com/
Oats Overnight,,,,90,,https://www.oatsovernight.com,https://www.oatsovernight.com/
The Whole Truth,,,,89,,https://thewholetruth.com,https://thewholetruth.com/
Ghia,,,,89,,https://drinkghia.com,https://drinkghia.com/
Magic Spoon,,,,88,,https://magicspoon.com,https://magicspoon.com/
KOMO Paris,,,,88,,https://komo-paris.com,https://komo-paris.com/
Mid-Day Squares,,,,88,,https://www.middaysquares.com,https://www.middaysquares.com/
Daily Harvest,,,,87,,https://www.daily-harvest.com,https://www.daily-harvest.com/
Fly by Jing,,,,87,,https://flybyjing.com,https://flybyjing.com/
Truff,,,,86,,https://www.truff.com,https://www.truff.com/
Athletic Brewing,,,,84,,https://athleticbrewing.com,https://athleticbrewing.com/
Celsius,,,,83,,https://www.celsius.com,https://www.celsius.com/
Feastables,,,,78,,https://www.feastables.com,https://www.feastables.com/
Hungryroot,,,,77,,https://www.hungryroot.com,https://www.hungryroot.com/
Prime (Logan Paul),,,,42,,https://drinkprime.com,https://drinkprime.com/
Lunchly,,,,41,,https://lunchly.com,https://lunchly.com/
HelloFresh,,,,32,,https://www.hellofresh.fr,https://www.hellofreshgroup.com/
Factor,,,,31,,https://www.factor75.com,https://www.factor75.com/
Blue Apron,,,,30,,https://www.blueapron.com,https://www.blueapron.com/
Bitcoin (BTC),,08_Crypto,,99,,https://bitcoin.org,https://bitcoin.org/bitcoin.pdf
Ethereum (ETH),,08_Crypto,,98,,https://ethereum.org,https://ethereum.org/en/whitepaper/
BlackRock BUIDL,,08_Crypto,,98,,https://www.blackrock.com,https://www.blackrock.com/
Coinbase,,08_Crypto,,97,,https://www.coinbase.com,https://www.coinbase.com/public-filings
Circle (USDC),,08_Crypto,,96,,https://www.circle.com,https://www.circle.com/en/transparency
Chainlink,,08_Crypto,,96,,https://chain.link,https://chain.link/whitepaper
Solana,,08_Crypto,,95,,https://solana.com,https://solana.com/
Polygon,,08_Crypto,,94,,https://polygon.technology,https://polygon.technology/
Uniswap,,08_Crypto,,94,,https://uniswap.org,https://uniswap.org/whitepaper.pdf
Aave,,08_Crypto,,93,,https://aave.com,https://aave.com/
Monero,,08_Crypto,,92,,https://www.getmonero.org,https://www.getmonero.org/
Cardano,,08_Crypto,,91,,https://cardano.org,https://cardano.org/
Ledger,,08_Crypto,,91,,https://www.ledger.com,https://www.ledger.com/
Ripple (XRP),,08_Crypto,,89,,https://ripple.com,https://ripple.com/
Binance (BNB),,08_Crypto,,84,,https://www.binance.com,https://www.binance.com/en/proof-of-reserves
Tether (USDT),,08_Crypto,,78,,https://tether.to,https://tether.to/en/transparency/
Dogecoin,,08_Crypto,,45,,https://dogecoin.com,https://dogecoin.com/
FTX (Legacy),,08_Crypto,,02,,https://ftx.com,https://www.fbi.gov/
Arbitrum,,08_Crypto,,95,,https://arbitrum.io,https://arbitrum.io/
Optimism,,08_Crypto,,94,,https://www.optimism.io,https://www.optimism.io/
Avalanche,,08_Crypto,,93,,https://www.avax.network,https://www.avax.network/
Cosmos (ATOM),,08_Crypto,,92,,https://cosmos.network,https://cosmos.network/
MakerDAO (Sky),,08_Crypto,,94,,https://sky.money,https://makerdao.com/en/whitepaper
Lido,,08_Crypto,,92,,https://lido.fi,https://lido.fi/
Rocket Pool,,08_Crypto,,93,,https://rocketpool.net,https://rocketpool.net/
Curve Finance,,08_Crypto,,91,,https://curve.fi,https://curve.fi/
Polkadot,,08_Crypto,,91,,https://polkadot.network,https://polkadot.network/
Near Protocol,,08_Crypto,,90,,https://near.org,https://near.org/
Stacks (STX),,08_Crypto,,89,,https://www.stacks.co,https://www.stacks.co/
Jupiter (JUP),,08_Crypto,,88,,https://jup.ag,https://jup.ag/
Celestia,,08_Crypto,,88,,https://celestia.org,https://celestia.org/
Filecoin,,08_Crypto,,87,,https://filecoin.io,https://filecoin.io/
Arweave,,08_Crypto,,92,,https://www.arweave.org,https://www.arweave.org/
Kraken,,08_Crypto,,91,,https://www.kraken.com,https://www.kraken.com/proof-of-reserves
Gemini,,08_Crypto,,89,,https://www.gemini.com,https://www.gemini.com/
World (Worldcoin),,08_Crypto,,62,,https://world.org,https://whitepaper.worldcoin.org/
Cardano (ADA),,08_Crypto,,91,,https://cardano.org,https://cardano.org/
Litecoin (LTC),,08_Crypto,,93,,https://litecoin.org,https://litecoin.org/
Bugatti,,,,99,,https://www.bugatti.com,https://www.bugatti.com/fr/sur-mesure/
Rolls-Royce Motor Cars,,,,99,,https://www.rolls-roycemotorcars.com,https://www.rolls-roycemotorcars.com/bespoke/
Ferrari,,,,98,,https://www.ferrari.com,https://www.ferrari.com/en-EN/corporate
Koenigsegg,,,,98,,https://www.koenigsegg.com,https://www.koenigsegg.com/heritage/
Pagani,,,,98,,https://www.pagani.com,https://fr.motor1.com/news/785422/pagani-2026/
Lockheed Martin,,,,98,,https://www.lockheedmartin.com,https://www.lockheedmartin.com/en-us/who-we-are/esg.html
Northrop Grumman,,,,97,,https://www.northropgrumman.com,https://www.northropgrumman.com/corporate-responsibility/
Airbus,,,,97,,https://www.airbus.com,https://www.airbus.com/en/sustainability/standards
Dassault Aviation,,,,97,,https://www.dassault-aviation.com,https://www.dassault-aviation.com/fr/groupe/finance/
Gulfstream,,,,96,,https://www.gulfstream.com,https://www.gulfstream.com/en/about-gulfstream/sustainability/
Bentley,,,,97,,https://www.bentleymotors.com,https://www.bentleymotors.com/en/world-of-bentley/sustainability.html
Waymo,,,,95,,https://waymo.com,https://waymo.com/safety/
Tesla,,,,94,,https://www.tesla.com,https://www.tesla.com/impact
Rimac,,,,97,,https://www.rimac-automobili.com,https://www.rimac-newsroom.com/
Porsche,,,,97,,https://www.porsche.com,https://newsroom.porsche.com/en/sustainability.html
Mercedes-Benz,,,,96,,https://www.mercedes-benz.com,https://group.mercedes-benz.com/sustainability/
Volvo,,,,95,,https://www.volvocars.com,https://www.volvocars.com/intl/v/sustainability/
Maersk,,,,95,,https://www.maersk.com,https://www.maersk.com/sustainability
Scania,,,,95,,https://www.scania.com,https://www.scania.com/group/en/home/sustainability.html
Toyota,,,,93,,https://global.toyota,https://global.toyota/en/sustainability/
DHL,,,,93,,https://www.dhl.com,https://www.dhl.com/global-en/home/about-us/sustainability.html
Uber,,,,93,,https://www.uber.com,https://www.uber.com/us/en/about/esg/
Polestar,,,,93,,https://www.polestar.com,https://www.polestar.com/global/sustainability/
Rivian,,,,91,,https://rivian.com,https://rivian.com/sustainability
Nio,,,,92,,https://www.nio.com,https://www.nio.com/news/q4-results-2025
BYD,,,,92,,https://www.byd.com,https://www.bydglobal.com/en/Sustainability.html
Lucid Motors,,,,90,,https://www.lucidmotors.com,https://www.lucidmotors.com/esg-data
Boeing,,,,82,,https://www.boeing.com,https://www.boeing.com/principles/safety
VanMoof,,,,65,,https://www.vanmoof.com,https://www.vanmoof.com/en-FR/news
Thom Browne,,01_Luxury,,92,,https://www.thombrowne.com,https://www.zegnagroup.com/
Rick Owens,,01_Luxury,,90,,https://www.rickowens.eu,https://www.rickowens.eu/
Lanvin,,01_Luxury,,88,,https://www.lanvin.com,https://www.lanvin-group.com/
Montblanc,,01_Luxury,,92,,https://www.montblanc.com,https://www.montblanc.com/
Valentino,,01_Luxury,,91,,https://www.valentino.com,https://www.valentino.com/
Mugler,,01_Luxury,,89,,https://www.mugler.fr,https://www.loreal.com/
Tiffany & Co.,,01_Luxury,,94,,https://www.tiffany.com,https://www.lvmh.fr/
Miu Miu,,01_Luxury,,91,,https://www.miumiu.com,https://www.pradagroup.com/
Chloé,,01_Luxury,,88,,https://www.chloe.com,https://www.richemont.com/
Diane von Furstenberg,,01_Luxury,,82,,https://www.dvf.com,https://www.dvf.com/
Max Mara,,01_Luxury,,90,,https://www.maxmara.com,https://www.maxmara.com/
JW Anderson,,01_Luxury,,89,,https://www.jwanderson.com,https://www.jwanderson.com/
Coperni,,01_Luxury,,88,,https://www.coperniparis.com,https://www.coperniparis.com/
Tag Heuer,,01_Luxury,,91,,https://www.tagheuer.com,https://www.lvmh.fr/
The Row,,01_Luxury,,93,,https://www.therow.com,https://www.therow.com/
Alaïa,,01_Luxury,,94,,https://www.maison-alaia.com,https://www.richemont.com/
Moncler Genius,,01_Luxury,,92,,https://www.moncler.com,https://www.monclergroup.com/
Moncler,,01_Luxury,,91,,https://www.moncler.com,https://www.monclergroup.com/
Alexander McQueen,,01_Luxury,,90,,https://www.alexandermcqueen.com,https://www.kering.com/
Paco Rabanne,,01_Luxury,,89,,https://www.pacorabanne.com,https://www.puig.com/
Givenchy,,01_Luxury,,90,,https://www.givenchy.com,https://www.lvmh.fr/
Balmain,,01_Luxury,,89,,https://www.balmain.com,https://www.balmain.com/
Hublot,,01_Luxury,,92,,https://www.hublot.com,https://www.lvmh.fr/
Tom Ford,,01_Luxury,,93,,https://www.tomford.com,https://www.elcompanies.com/
Salvatore Ferragamo,,01_Luxury,,88,,https://www.ferragamo.com,https://group.ferragamo.com/
Paul Smith,,01_Luxury,,87,,https://www.paulsmith.com,https://www.paulsmith.com/
Marc Jacobs,,01_Luxury,,86,,https://www.marcjacobs.com,https://www.lvmh.fr/
Etro,,01_Luxury,,85,,https://www.etro.com,https://www.etro.com/
Missoni,,01_Luxury,,86,,https://www.missoni.com,https://www.missoni.com/
Giorgio Armani,,01_Luxury,,92,,https://www.armani.com,https://www.armani.com/
Zimmermann,,01_Luxury,,88,,https://www.zimmermann.com,https://www.zimmermann.com/
Tory Burch,,01_Luxury,,85,,https://www.toryburch.com,https://www.toryburch.com/
Kenzo,,01_Luxury,,86,,https://www.kenzo.com,https://www.lvmh.fr/
Coach,,01_Luxury,,84,,https://www.coach.com,https://www.tapestry.com/
Michael Kors,,01_Luxury,,82,,https://www.michaelkors.com,https://www.capriholdings.com/
Longchamp,,01_Luxury,,88,,https://www.longchamp.com,https://www.longchamp.com/
Bally,,01_Luxury,,85,,https://www.bally.com,https://www.bally.com/
Tod’s,,01_Luxury,,87,,https://www.tods.com,https://www.todsgroup.com/
Jimmy Choo,,01_Luxury,,86,,https://www.jimmychoo.com,https://www.capriholdings.com/
Manolo Blahnik,,01_Luxury,,92,,https://www.manoloblahnik.com,https://www.manoloblahnik.com/
Christian Louboutin,,01_Luxury,,93,,https://www.christianlouboutin.com,https://www.exor.com/
Versace,,01_Luxury,,87,,https://www.versace.com,https://www.capriholdings.com/
Vetements,,01_Luxury,,84,,https://vetementswebsite.com,https://vetementswebsite.com/
Off-White,,01_Luxury,,82,,https://www.off---white.com,https://www.lvmh.fr/
Roberto Cavalli,,01_Luxury,,78,,https://www.robertocavalli.com,https://www.robertocavalli.com/
Moschino,,01_Luxury,,76,,https://www.moschino.com,https://www.aeffe.com/
Charlotte Tilbury,,02_Beauty,,91,,https://www.charlottetilbury.com,https://www.puig.com/
Parfums de Marly,,02_Beauty,,92,,https://pmarly.com,https://pmarly.com/
The Whoo,,02_Beauty,,90,,https://www.thewhoo.com,https://www.lgcare.com/
ghd,,02_Beauty,,88,,https://www.ghdhair.com,https://www.coty.com/
Saie Beauty,,02_Beauty,,89,,https://saiehello.com,https://saiehello.com/
Lisa Eldridge Beauty,,02_Beauty,,83,,https://www.lisaeldridge.com,https://www.lisaeldridge.com/
Laneige,,02_Beauty,,82,,https://www.laneige.com,https://www.amorepacific.com/
Violette_FR,,02_Beauty,,91,,https://www.violettefr.com,https://www.violettefr.com/
Saint Jane,,02_Beauty,,88,,https://saintjanebeauty.com,https://saintjanebeauty.com/
Verdilab,,02_Beauty,,94,,https://verdilabswiss.com,https://verdilabswiss.com/
Comfort Zone,,02_Beauty,,89,,https://www.comfortzoneskin.com,https://www.davinesgroup.com/
NARS,,02_Beauty,,83,,https://www.narscosmetics.fr,https://corp.shiseido.com/
Herbivore,,02_Beauty,,82,,https://www.herbivorebotanicals.com,https://www.herbivorebotanicals.com/
YSL Beauty,,02_Beauty,,72,,https://www.yslbeauty.fr,https://www.loreal.com/
Mario Badescu,,02_Beauty,,68,,https://www.mariobadescu.com,https://www.mariobadescu.com/
Balenciaga Beauty,,02_Beauty,,50,,https://www.balenciaga.com,https://www.kering.com/
Louis Vuitton Art de Vivre,,,,98,,https://fr.louisvuitton.com,https://www.lvmh.fr/
Burrow,,,,82,,https://burrow.com,https://burrow.com/
Alessi,,,,91,,https://www.alessi.com,https://www.alessi.com/
Moooi,,,,90,,https://www.moooi.com,https://www.moooi.com/
Article,,,,81,,https://www.article.com,https://www.article.com/
Menu,,,,86,,https://menuspace.com,https://menuspace.com/
Bolia,,,,84,,https://www.bolia.com,https://www.bolia.com/
Skagerak,,,,89,,https://www.skagerak.com,https://www.skagerak.dk/
String Furniture,,,,90,,https://stringfurniture.com,https://stringfurniture.com/
&Tradition,,,,87,,https://www.andtradition.com,https://www.andtradition.com/
Normann Copenhagen,,,,85,,https://www.normann-copenhagen.com,https://www.normann-copenhagen.com/
Gervasoni,,,,88,,https://www.gervasoni1882.it,https://www.gervasoni1882.it/
Paola Lenti,,,,94,,https://www.paolalenti.it,https://www.paolalenti.it/
Living Divani,,,,92,,https://www.livingdivani.it,https://www.livingdivani.it/
Moroso,,,,91,,https://moroso.it,https://moroso.it/
Riva 1920,,,,93,,https://www.riva1920.it,https://www.riva1920.it/
Porro,,,,92,,https://www.porro.com,https://www.porro.com/
Dada,,,,94,,https://www.dada-kitchens.com,https://www.dada-kitchens.com/
Aga,,,,90,,https://www.agaliving.com,https://www.agaliving.com/
Quooker,,,,89,,https://www.quooker.fr,https://www.quooker.fr/
Waterworks,,,,94,,https://www.waterworks.com,https://www.waterworks.com/
Hansgrohe,,,,88,,https://www.hansgrohe.fr,https://www.hansgrohe.fr/
Laufen,,,,89,,https://www.laufen.fr,https://www.laufen.fr/
Agape,,,,93,,https://www.agapedesign.it,https://www.agapedesign.it/
Marazzi,,,,87,,https://www.marazzi.it,https://www.marazzi.it/
Florim,,,,88,,https://www.florim.com,https://www.florim.com/
Casalgrande Padana,,,,86,,https://www.casalgrandepadana.it,https://www.casalgrandepadana.it/
Iris Ceramica,,,,86,,https://www.irisceramica.it,https://www.irisceramica.it/
Lea Ceramiche,,,,87,,https://www.ceramichelea.it,https://www.ceramichelea.it/
Cotto d’Este,,,,89,,https://www.cottodeste.it,https://www.cottodeste.it/
Atlas Concorde,,,,85,,https://www.atlasconcorde.com,https://www.atlasconcorde.com/
Appiani,,,,84,,https://www.appiani.it,https://www.appiani.it/
Trend Group,,,,88,,https://www.trend-group.com,https://www.trend-group.com/
Lithos Design,,,,91,,https://www.lithosdesign.com,https://www.lithosdesign.com/
Himacs,,,,82,,https://www.lxhausys.com,https://www.lxhausys.com/
Krion (Porcelanosa),,,,85,,https://www.porcelanosa.com,https://www.porcelanosa.com/
H&M Home,,,,72,,https://www2.hm.com/home,https://hmgroup.com/
CB2,,,,78,,https://www.cb2.com,https://www.cb2.com/
Whoop,,,,94,,https://www.whoop.com,https://www.whoop.com/
ZOI,,,,93,,https://www.zoi.com,https://www.zoi.com/
Withings,,,,90,,https://www.withings.com,https://www.withings.com/
ZOE,,,,85,,https://joinzoe.com,https://joinzoe.com/
Viome,,,,82,,https://www.viome.com,https://www.viome.com/
Vivobase,,,,61,,https://www.vivobase.com,https://www.vivobase.com/
Wild Nutrition,,,,58,,https://www.wildnutrition.com,https://www.wildnutrition.com/
Isabel Marant,,06_Apparel,,87,,https://www.isabelmarant.com,https://www.isabelmarant.com/
Hugo Boss,,06_Apparel,,83,,https://www.hugoboss.com,https://group.hugoboss.com/
Fear of God (Essentials),,06_Apparel,,78,,https://fearofgod.com,https://fearofgod.com/
Hoka One One,,06_Apparel,,76,,https://www.hoka.com,https://www.deckers.com/
C.P. Company,,06_Apparel,,88,,https://www.cpcompany.com,https://www.cpcompany.com/
Zadig & Voltaire,,06_Apparel,,53,,https://www.zadig-et-voltaire.com,https://www.zadig-et-voltaire.com/
Archie,,,,92,,https://archie-diet.com,https://archie-diet.com/
Aura Bora,,,,88,,https://aurabora.com,https://aurabora.com/
Jho Wellness,,,,87,,https://jho.fr,https://jho.fr/
Selvàns,,,,90,,https://selvans.fr,https://selvans.fr/
Bonjour Drink,,,,89,,https://bonjourdrink.com,https://bonjourdrink.com/
Cherico,,,,88,,https://cherico.fr,https://cherico.fr/
Moon Cheese,,,,84,,https://mooncheese.com,https://mooncheese.com/
Ramdam,,,,91,,https://ramdam-social.com,https://ramdam-social.com/
Troovy,,,,86,,https://troovy.com,https://troovy.com/
Foodji,,,,85,,https://foodji.com,https://foodji.com/
Built Bar,,,,82,,https://built.com,https://built.com/
Sugoi Mart,,,,80,,https://sugoimart.com,https://sugoimart.com/
Koia,,,,84,,https://drinkkoia.com,https://drinkkoia.com/
Chomps,,,,87,,https://chomps.com,https://chomps.com/
Goodles,,,,86,,https://www.goodles.com,https://www.goodles.com/
Bokksu,,,,89,,https://www.bokksu.com,https://www.bokksu.com/
The Tea Spot,,,,85,,https://theteaspot.com,https://theteaspot.com/
Verve Coffee,,,,88,,https://www.vervecoffee.com,https://www.vervecoffee.com/
Siete Foods,,,,90,,https://sietefoods.com,https://sietefoods.com/
Surfside,,,,84,,https://drinksf.com,https://drinksf.com/
Rosina,,,,87,,https://rosina.fr,https://rosina.fr/
Boulder Canyon,,,,82,,https://bouldercanyon.com,https://bouldercanyon.com/
Liquid I.V.,,,,88,,https://www.liquid-iv.com,https://www.liquid-iv.com/
Trybe Tech,,,,85,,https://trybe.tech,https://trybe.tech/
Veso,,,,89,,https://veso.com,https://veso.com/
Swoon,,,,86,,https://www.stayswoon.com,https://www.stayswoon.com/
Surely Wine,,,,88,,https://www.surelywine.com,https://www.surelywine.com/
NoonBrew,,,,86,,https://noonbrew.co,https://noonbrew.co/
Oikos,,,,74,,https://www.oikosyogurt.com,https://www.danone.com/
Kinder’s,,,,81,,https://kinders.com,https://kinders.com/
Fairlife,,,,76,,https://fairlife.com,https://www.coca-colacompany.com/
Proper Wild,,,,85,,https://properwild.com,https://properwild.com/
Chobani,,,,88,,https://www.chobani.com,https://www.chobani.com/
Jolly Rancher,,,,68,,https://www.hersheyland.com,https://www.thehersheycompany.com/
NatureSweet,,,,91,,https://naturesweet.com,https://naturesweet.com/
Pure Organic,,,,87,,https://www.pureorganic.com,https://www.kellanova.com/
Halo Top,,,,82,,https://halotop.com,https://halotop.com/
Minecraft Snacks,,,,65,,https://www.kellanova.com,https://www.kellanova.com/
Bear Real Fruit,,,,90,,https://www.bearnibbles.com,https://www.bearnibbles.com/
Zespri,,,,89,,https://www.zespri.com,https://www.zespri.com/
Vita Coco,,,,85,,https://vitacoco.com,https://vitacoco.com/
De Cecco,,,,94,,https://www.dececco.com,https://www.dececco.com/
Cha Cha Matcha,,,,87,,https://chachamatcha.com,https://chachamatcha.com/
AllPlants,,,,88,,https://allplants.com,https://allplants.com/
Thrive Market,,,,91,,https://thrivemarket.com,https://thrivemarket.com/
Sunbasket,,,,79,,https://sunbasket.com,https://sunbasket.com/
Green Chef,,,,77,,https://www.greenchef.com,https://www.greenchef.com/
Territory Foods,,,,82,,https://www.territoryfoods.com,https://www.territoryfoods.com/
Splendid Spoon,,,,78,,https://splendidspoon.com,https://splendidspoon.com/
Trifecta,,,,80,,https://www.trifectanutrition.com,https://www.trifectanutrition.com/
Vital Proteins,,,,85,,https://www.vitalproteins.com,https://www.nestlehealthscience.com/
Orgain,,,,84,,https://orgain.com,https://www.nestlehealthscience.com/
OWYN,,,,83,,https://liveowyn.com,https://liveowyn.com/
Perfect Bar,,,,86,,https://www.perfectfoods.com,https://www.perfectfoods.com/
RXBAR,,,,88,,https://www.rxbar.com,https://www.rxbar.com/
Quest Nutrition,,,,82,,https://www.questnutrition.com,https://www.questnutrition.com/
Perfect Keto,,,,84,,https://perfectketo.com,https://perfectketo.com/
Bulletproof,,,,87,,https://www.bulletproof.com,https://www.bulletproof.com/
Four Sigmatic,,,,89,,https://foursigmatic.com,https://foursigmatic.com/
MUD/WTR,,,,91,,https://mudwtr.com,https://mudwtr.com/
RISE Brewing,,,,88,,https://risebrewingco.com,https://risebrewingco.com/
Chameleon Cold-Brew,,,,86,,https://www.chameleoncoffee.com,https://www.chameleoncoffee.com/
High Brew Coffee,,,,84,,https://www.highbrewcoffee.com,https://www.highbrewcoffee.com/
La Colombe,,,,92,,https://www.lacolombe.com,https://www.lacolombe.com/
Pact Coffee,,,,90,,https://www.pactcoffee.com,https://www.pactcoffee.com/
Plantable,,,,85,,https://plantable.com,https://plantable.com/
RYZE Superfoods,,,,88,,https://www.ryzesuperfoods.com,https://www.ryzesuperfoods.com/
Javvy Coffee,,,,83,,https://javvycoffee.com,https://javvycoffee.com/
Belgian Waffle Co,,,,78,,https://thebelgianwaffle.co,https://thebelgianwaffle.co/
All G Foods,,,,82,,https://allgfoods.com,https://allgfoods.com/
Kula Bio,,,,89,,https://www.kulabio.com,https://www.kulabio.com/
Figure Heloc,,08_Crypto,,95,,https://www.figure.com,https://www.figure.com/
WhiteBIT Coin,,08_Crypto,,86,,https://whitebit.com,https://whitebit.com/
USDS (USDS),,08_Crypto,,94,,https://sky.money,https://sky.money/
Bitcoin Cash (BCH),,08_Crypto,,90,,https://bitcoincash.org,https://bitcoincash.org/
LEO Token,,08_Crypto,,82,,https://www.bitfinex.com,https://www.bitfinex.com/
Hyperliquid (HYPE),,08_Crypto,,95,,https://hyperliquid.xyz,https://hyperliquid.xyz/
Ethena USDe,,08_Crypto,,91,,https://www.ethena.fi,https://www.ethena.fi/
Canton (CC),,08_Crypto,,93,,https://www.canton.network,https://www.canton.network/
Stellar (XLM),,08_Crypto,,92,,https://www.stellar.org,https://www.stellar.org/
USD1,,08_Crypto,,96,,https://www.circle.com,https://www.circle.com/
Dai (DAI),,08_Crypto,,94,,https://makerdao.com,https://makerdao.com/
Rain (RAIN),,08_Crypto,,85,,https://www.rain.bh,https://www.rain.bh/
PayPal USD (PYUSD),,08_Crypto,,95,,https://www.paypal.com,https://www.paypal.com/us/smarthelp/article/what-is-paypal-usd-pyusd-faq4757
Hedera (HBAR),,08_Crypto,,92,,https://hedera.com,https://hedera.com/
Sui (SUI),,08_Crypto,,93,,https://sui.io,https://sui.io/
Zcash (ZEC),,08_Crypto,,94,,https://z.cash,https://z.cash/
Shiba Inu (SHIB),,08_Crypto,,42,,https://shibatoken.com,https://shibatoken.com/
Toncoin (TON),,08_Crypto,,88,,https://ton.org,https://ton.org/
Cronos (CRO),,08_Crypto,,86,,https://cronos.org,https://cronos.org/
Tether Gold (XAUT),,08_Crypto,,84,,https://gold.tether.to,https://gold.tether.to/
World Liberty Fin.,,08_Crypto,,71,,https://worldlibertyfinancial.com,https://worldlibertyfinancial.com/
PAX Gold (PAXG),,08_Crypto,,94,,https://paxos.com,https://paxos.com/paxgold/
MemeCore (M),,08_Crypto,,68,,https://memecore.com,https://memecore.com/
Mantle (MNT),,08_Crypto,,91,,https://www.mantle.xyz,https://www.mantle.xyz/
Pi Network (PI),,08_Crypto,,35,,https://minepi.com,https://minepi.com/whitepaper
Circle USYC,,08_Crypto,,96,,https://www.circle.com,https://www.circle.com/
OKB (OKB),,08_Crypto,,88,,https://www.okx.com,https://www.okx.com/
Bittensor (TAO),,08_Crypto,,92,,https://bittensor.com,https://bittensor.com/
Falcon USD,,08_Crypto,,87,,https://falcon.xyz,https://falcon.xyz/
Sky (SKY),,08_Crypto,,94,,https://sky.money,https://sky.money/
Aster (ASTER),,08_Crypto,,89,,https://aster.network,https://aster.network/
Global Dollar,,08_Crypto,,93,,https://globaldollar.com,https://globaldollar.com/
Ripple USD,,08_Crypto,,95,,https://ripple.com,https://ripple.com/
Bitget Token,,08_Crypto,,84,,https://www.bitget.com,https://www.bitget.com/
HTX DAO,,08_Crypto,,78,,https://www.htx.com,https://www.htx.com/
Internet Comp (ICP),,08_Crypto,,94,,https://dfinity.org,https://dfinity.org/
Pepe (PEPE),,08_Crypto,,20,,https://www.pepe.vip,https://www.pepe.vip/
BFUSD,,08_Crypto,,88,,https://binance.com,https://binance.com/
Ondo USDY,,08_Crypto,,96,,https://ondo.finance,https://ondo.finance/
Ethereum Classic,,08_Crypto,,91,,https://ethereumclassic.org,https://ethereumclassic.org/
Ondo (ONDO),,08_Crypto,,94,,https://ondo.finance,https://ondo.finance/
Pump.fun (PUMP),,08_Crypto,,45,,https://pump.fun,https://pump.fun/
Gate (GT),,08_Crypto,,83,,https://www.gate.io,https://www.gate.io/
Morpho,,08_Crypto,,95,,https://morpho.org,https://morpho.org/
Superstate USTB,,08_Crypto,,96,,https://www.superstate.co,https://www.superstate.co/
KuCoin (KCS),,08_Crypto,,82,,https://www.kucoin.com,https://www.kucoin.com/
POL (ex-MATIC),,08_Crypto,,94,,https://polygon.technology,https://polygon.technology/
Spiko EUTBL,,08_Crypto,,92,,https://spiko.xyz,https://spiko.xyz/
Quant (QNT),,08_Crypto,,91,,https://www.quant.network,https://www.quant.network/
NEXO (NEXO),,08_Crypto,,84,,https://nexo.io,https://nexo.io/
Midnight (NIGHT),,08_Crypto,,92,,https://midnight.network,https://midnight.network/
Ethena (ENA),,08_Crypto,,90,,https://www.ethena.fi,https://www.ethena.fi/
USDtb,,08_Crypto,,90,,https://ethena.fi,https://ethena.fi/
Kaspa (KAS),,08_Crypto,,91,,https://kaspa.org,https://kaspa.org/
Provenance (HASH),,08_Crypto,,94,,https://provenance.io,https://provenance.io/
Render (RENDER),,08_Crypto,,93,,https://renderfoundation.com,https://renderfoundation.com/
Flare (FLR),,08_Crypto,,91,,https://flare.network,https://flare.network/
Algorand (ALGO),,08_Crypto,,92,,https://algorand.foundation,https://algorand.foundation/
OUSG (Ondo),,08_Crypto,,96,,https://ondo.finance,https://ondo.finance/
USDD,,08_Crypto,,74,,https://usdd.io,https://usdd.io/
Janus Henderson,,08_Crypto,,97,,https://www.janushenderson.com,https://www.janushenderson.com/
Aptos (APT),,08_Crypto,,93,,https://aptosfoundation.org,https://aptosfoundation.org/
Official Trump,,08_Crypto,,70,,https://worldlibertyfinancial.com,https://worldlibertyfinancial.com/
XDC Network,,08_Crypto,,91,,https://xdc.org,https://xdc.org/
Beldex (BDX),,08_Crypto,,86,,https://www.beldex.io,https://www.beldex.io/
VeChain (VET),,08_Crypto,,89,,https://www.vechain.org,https://www.vechain.org/
YLDS,,08_Crypto,,90,,https://yields.fi,https://yields.fi/
GHO (Aave),,08_Crypto,,94,,https://aave.com,https://aave.com/
Stable (STABLE),,08_Crypto,,95,,https://stable.com,https://stable.com/
Janus Henderson Tr.,,08_Crypto,,97,,https://www.janushenderson.com,https://www.janushenderson.com/
Usual USD (USD0),,08_Crypto,,94,,https://usual.money,https://usual.money/
Bonk (BONK),,08_Crypto,,38,,https://bonkcoin.com,https://bonkcoin.com/
Decred (DCR),,08_Crypto,,92,,https://decred.org,https://decred.org/
TrueUSD (TUSD),,08_Crypto,,76,,https://www.tusd.io,https://www.tusd.io/
A7A5,,08_Crypto,,91,,https://a7a5.xyz,https://a7a5.xyz/
Kite (KITE),,08_Crypto,,89,,https://kite.financial,https://kite.financial/
Rolls-Royce Holdings,,,,97,,https://www.rolls-royce.com,https://www.rolls-royce.com/sustainability.aspx
Lamborghini,,,,97,,https://www.lamborghini.com,https://www.lamborghini.com/en-en/sustainability
BMW,,,,94,,https://www.bmw.com,https://www.bmwgroup.com/en/sustainability.html
Lexus,,,,95,,https://www.lexus.com,https://www.lexus.com/
Audi,,,,93,,https://www.audi.com,https://www.audi.com/en/company/sustainability.html
McLaren,,,,96,,https://www.mclaren.com,https://www.mclaren.com/group/sustainability/
Alpine,,,,91,,https://www.alpinecars.com,https://www.alpinecars.com/
MAN,,,,92,,https://www.mantruckandbus.com,https://www.mantruckandbus.com/en/company/sustainability.html
UPS,,,,91,,https://www.ups.com,https://about.ups.com/us/en/social-impact/sustainability.html
CMA CGM,,,,94,,https://www.cmacgm-group.com,https://www.cmacgm-group.com/en/sustainable-development
Land Rover,,,,92,,https://www.landrover.com,https://www.jaguarlandrover.com/sustainability
Genesis,,,,91,,https://www.genesis.com,https://www.genesis.com/
Triumph,,,,89,,https://www.triumphmotorcycles.com,https://www.triumphmotorcycles.com/
Sea-Doo,,,,88,,https://www.sea-doo.com,https://www.brp.com/en/outdoor-recreation-brands/sea-doo.html
Sixt,,,,86,,https://www.sixt.com,https://about.sixt.com/en/sustainability/
FedEx,,,,89,,https://www.fedex.com,https://www.fedex.com/en-us/sustainability.html
BlaBlaCar,,,,85,,https://www.blablacar.fr,https://blog.blablacar.com/about-us
Bombardier,,,,94,,https://www.bombardier.com,https://www.bombardier.com/en/sustainability
Aston Martin,,,,93,,https://www.astonmartin.com,https://www.astonmartin.com/en/our-world/sustainability
Mini,,,,88,,https://www.mini.com,https://www.mini.com/
BRP,,,,89,,https://www.brp.com,https://www.brp.com/en/sustainability.html
Yamaha,,,,87,,https://global.yamaha-motor.com,https://global.yamaha-motor.com/about/csr/
Hapag-Lloyd,,,,91,,https://www.hapag-lloyd.com,https://www.hapag-lloyd.com/en/company/sustainability.html
Hyundai,,,,88,,https://www.hyundai.com,https://www.hyundai.com/worldwide/en/company/sustainability/report
XPeng,,,,86,,https://heyxpeng.com,https://heyxpeng.com/
Kia,,,,85,,https://www.kia.com,https://www.kia.com/worldwide/main.do
Alfa Romeo,,,,84,,https://www.alfaromeo.com,https://www.alfaromeo.com/
Li Auto,,,,84,,https://www.lauto.com,https://www.lauto.com/
Subaru,,,,83,,https://www.subaru-global.com,https://www.subaru-global.com/
MSC,,,,90,,https://www.msc.com,https://www.msc.com/en/sustainability
Harley-Davidson,,,,89,,https://www.harley-davidson.com,https://www.harley-davidson.com/us/en/about-us/sustainability.html
KTM,,,,87,,https://www.ktm.com,https://www.pierermobility.com/en/sustainability
Polaris,,,,86,,https://www.polaris.com,https://www.polaris.com/en-us/corporate/social-responsibility/
Can-Am,,,,85,,https://can-am.brp.com,https://can-am.brp.com/
DAF,,,,89,,https://www.daf.com,https://www.daf.com/en/about-daf/sustainability
Volkswagen,,,,84,,https://www.volkswagen.com,https://www.volkswagen-group.com/en/sustainability-15822
Jaguar,,,,90,,https://www.jaguar.com,https://www.jaguar.com/reimagine
Lotus,,,,92,,https://www.lotuscars.com,https://www.lotuscars.com/
Enterprise,,,,82,,https://www.enterprise.com,https://www.enterpriseholdings.com/en/corporate-responsibility.html
Lyft,,,,81,,https://www.lyft.com,https://www.lyft.com/impact
Maserati,,,,91,,https://www.maserati.com,https://www.maserati.com/
Mazda,,,,82,,https://www.mazda.com,https://www.mazda.com/en/csr/report/
Acura,,,,85,,https://www.acura.com,https://www.acura.com/
Joby Aviation,,,,93,,https://www.jobyaviation.com,https://www.jobyaviation.com/
Cowboy,,,,88,,https://cowboy.com,https://cowboy.com/
Ford,,,,82,,https://www.ford.com,https://corporate.ford.com/social-impact/sustainability.html
Archer Aviation,,,,92,,https://www.archer.com,https://www.archer.com/
Peugeot,,,,78,,https://www.peugeot.com,https://www.peugeot.com/
Jeep,,,,79,,https://www.jeep.com,https://www.jeep.com/
LiveWire,,,,87,,https://www.livewire.com,https://www.livewire.com/
Smart,,,,80,,https://www.smart.com,https://www.smart.com/
Iveco,,,,86,,https://www.iveco.com,https://www.ivecogroup.com/sustainability
General Motors,,,,84,,https://www.gm.com,https://www.gmsustainability.com/
Volocopter,,,,91,,https://www.volocopter.com,https://www.volocopter.com/
Renault,,,,77,,https://www.renault.fr,https://www.renaultgroup.com/en/sustainability/
DS Automobiles,,,,85,,https://www.dsautomobiles.fr,https://www.dsautomobiles.com/
Angell,,,,84,,https://angell.com,https://angell.com/
Nissan,,,,81,,https://www.nissan-global.com,https://www.nissan-global.com/EN/SUSTAINABILITY/
Cruise,,,,89,,https://www.getcruise.com,https://www.getcruise.com/safety/
Navistar,,,,83,,https://www.navistar.com,https://www.navistar.com/sustainability
Lilium,,,,90,,https://lilium.com,https://lilium.com/
Citroën,,,,75,,https://www.citroen.com,https://www.citroen.com/
Starline,,,,82,,https://www.starline.com,https://www.starline.com/
Zoox,,,,92,,https://zoox.com,https://zoox.com/safety/
Stellantis,,,,72,,https://www.stellantis.com,https://www.stellantis.com/en/responsibility/csr-report
Infiniti,,,,81,,https://www.infiniti.com,https://www.infiniti.com/
CAKE,,,,86,,https://ridecake.com,https://ridecake.com/
Fiat,,,,71,,https://www.fiat.com,https://www.fiat.com/
Hertz,,,,68,,https://www.hertz.com,https://www.hertz.com/rentacar/aboutus/index.jsp?targetPage=corporateResponsibility.jsp
Navya,,,,85,,https://navya.tech,https://navya.tech/en/
