Nom;Drift;Action;Email_Type
LVMH Louis Vuitton Moët Hennessy;✅;CERTIFICATION;Email_2_Medaille
Compagnie Financière Richemont SA;✅;CERTIFICATION;Email_2_Medaille
Hermès International S.A.;✅;CERTIFICATION;Email_2_Medaille
Brunello Cucinelli;✅;CERTIFICATION;Email_2_Medaille
Christian Dior;✅;CERTIFICATION;Email_2_Medaille
Thom Browne;✅;CERTIFICATION;Email_2_Medaille
Prada;✅;CERTIFICATION;Email_2_Medaille
Saint Laurent;✅;CERTIFICATION;Email_2_Medaille
Lanvin;🚨;ALERTE;Email_1_Cadavre
Gucci;✅;CERTIFICATION;Email_2_Medaille
Burberry;✅;CERTIFICATION;Email_2_Medaille
Zegna;✅;CERTIFICATION;Email_2_Medaille
Moncler Genius;✅;CERTIFICATION;Email_2_Medaille
Moncler;✅;CERTIFICATION;Email_2_Medaille
Salvatore Ferragamo;✅;CERTIFICATION;Email_2_Medaille
Paul Smith;✅;CERTIFICATION;Email_2_Medaille
Dior Beauty;🚨;ALERTE;Email_1_Cadavre
Rationale;✅;CERTIFICATION;Email_2_Medaille
Estée Lauder;✅;CERTIFICATION;Email_2_Medaille
EMAAR Properties;🚨;ALERTE;Email_1_Cadavre
Miele;✅;CERTIFICATION;Email_2_Medaille
IKEA;✅;CERTIFICATION;Email_2_Medaille
Roche Bobois;✅;CERTIFICATION;Email_2_Medaille
Budri;🚨;ALERTE;Email_1_Cadavre
Zara Home;✅;CERTIFICATION;Email_2_Medaille
Clinique La Prairie;🚨;ALERTE;Email_1_Cadavre
Ritual;✅;CERTIFICATION;Email_2_Medaille
Patagonia;✅;CERTIFICATION;Email_2_Medaille
Lululemon;✅;CERTIFICATION;Email_2_Medaille
Stone Island;✅;CERTIFICATION;Email_2_Medaille
Aga;✅;CERTIFICATION;Email_2_Medaille
Waterworks;✅;CERTIFICATION;Email_2_Medaille
HelloFresh;✅;CERTIFICATION;Email_2_Medaille
BlackRock BUIDL;🚨;ALERTE;Email_1_Cadavre
USDC (Circle);✅;CERTIFICATION;Email_2_Medaille
Tether (USDT);✅;CERTIFICATION;Email_2_Medaille
Janus Henderson (JHT);🚨;ALERTE;Email_1_Cadavre
Sui (SUI);🚨;ALERTE;Email_1_Cadavre
Lockheed Martin;✅;CERTIFICATION;Email_2_Medaille
Ferrari;✅;CERTIFICATION;Email_2_Medaille
Tesla;✅;CERTIFICATION;Email_2_Medaille
Maersk;✅;CERTIFICATION;Email_2_Medaille
Boeing;✅;CERTIFICATION;Email_2_Medaille
Joby Aviation;✅;CERTIFICATION;Email_2_Medaille
NVIDIA;✅;CERTIFICATION;Email_2_Medaille
Microsoft Azure AI;✅;CERTIFICATION;Email_2_Medaille
ARM Holdings;✅;CERTIFICATION;Email_2_Medaille
Synopsys;✅;CERTIFICATION;Email_2_Medaille
Cadence;✅;CERTIFICATION;Email_2_Medaille
Palantir AIP;✅;CERTIFICATION;Email_2_Medaille
Figma AI;✅;CERTIFICATION;Email_2_Medaille
On Running;✅;CERTIFICATION;Email_2_Medaille
Descente Allterrain;✅;CERTIFICATION;Email_2_Medaille
Archer Aviation;🚨;ALERTE;Email_1_Cadavre
MillerKnoll;✅;CERTIFICATION;Email_2_Medaille
Hay;✅;CERTIFICATION;Email_2_Medaille
Klaviyo AI;✅;CERTIFICATION;Email_2_Medaille
Shopify Magic;✅;CERTIFICATION;Email_2_Medaille
Coherent Corp;✅;CERTIFICATION;Email_2_Medaille
Lam Research;✅;CERTIFICATION;Email_2_Medaille
Tokyo Electron;✅;CERTIFICATION;Email_2_Medaille
Recursion Pharma;🚨;ALERTE;Email_1_Cadavre
Insilico Medicine;🚨;ALERTE;Email_1_Cadavre
Enphase Energy;✅;CERTIFICATION;Email_2_Medaille
Solaredge;✅;CERTIFICATION;Email_2_Medaille
Lucid Motors;🚨;ALERTE;Email_1_Cadavre
Rivian;✅;CERTIFICATION;Email_2_Medaille
CoreWeave;✅;CERTIFICATION;Email_2_Medaille
Wise;✅;CERTIFICATION;Email_2_Medaille
Klarna AI;✅;CERTIFICATION;Email_2_Medaille
Palo Alto Networks;✅;CERTIFICATION;Email_2_Medaille
HOKA;✅;CERTIFICATION;Email_2_Medaille
Stone Island;✅;CERTIFICATION;Email_2_Medaille
DHL Supply Chain;✅;CERTIFICATION;Email_2_Medaille
DSV;🚨;ALERTE;Email_1_Cadavre
Kuehne+Nagel;🚨;ALERTE;Email_1_Cadavre
Siemens AI;✅;CERTIFICATION;Email_2_Medaille
Honeywell;✅;CERTIFICATION;Email_2_Medaille
Schneider Electric;✅;CERTIFICATION;Email_2_Medaille
Palantir;✅;CERTIFICATION;Email_2_Medaille
Lockheed Martin AI;🚨;ALERTE;Email_1_Cadavre
Equinix;✅;CERTIFICATION;Email_2_Medaille
Netflix;✅;CERTIFICATION;Email_2_Medaille
Disney;✅;CERTIFICATION;Email_2_Medaille
Spotify;✅;CERTIFICATION;Email_2_Medaille
Warner Bros. Discovery;✅;CERTIFICATION;Email_2_Medaille
Nintendo;✅;CERTIFICATION;Email_2_Medaille
Electronic Arts (EA);✅;CERTIFICATION;Email_2_Medaille
Take-Two Interactive;✅;CERTIFICATION;Email_2_Medaille
The New York Times;✅;CERTIFICATION;Email_2_Medaille
Snap Inc;✅;CERTIFICATION;Email_2_Medaille
Pinterest;✅;CERTIFICATION;Email_2_Medaille
Reddit;✅;CERTIFICATION;Email_2_Medaille
Universal Music Group;✅;CERTIFICATION;Email_2_Medaille
Live Nation;✅;CERTIFICATION;Email_2_Medaille
Qatar Airways;🚨;ALERTE;Email_1_Cadavre
NetJets;✅;CERTIFICATION;Email_2_Medaille
Knoll;✅;CERTIFICATION;Email_2_Medaille
Petrus;✅;CERTIFICATION;Email_2_Medaille
IonQ;✅;CERTIFICATION;Email_2_Medaille
Ginkgo Bioworks;✅;CERTIFICATION;Email_2_Medaille
Crispr Therapeutics;✅;CERTIFICATION;Email_2_Medaille
Klarna;✅;CERTIFICATION;Email_2_Medaille
Rocket Lab;🚨;ALERTE;Email_1_Cadavre
Yeti;✅;CERTIFICATION;Email_2_Medaille
Palantir (Government);🚨;ALERTE;Email_1_Cadavre
Accenture AI;🚨;ALERTE;Email_1_Cadavre
Cloudflare;✅;CERTIFICATION;Email_2_Medaille
Zscaler;✅;CERTIFICATION;Email_2_Medaille
Okta;✅;CERTIFICATION;Email_2_Medaille
Samsung Electronics;🚨;ALERTE;Email_1_Cadavre
Toyota;✅;CERTIFICATION;Email_2_Medaille
Porsche;✅;CERTIFICATION;Email_2_Medaille
FedEx;✅;CERTIFICATION;Email_2_Medaille
TSMC (Advanced);🚨;ALERTE;Email_1_Cadavre
SK Hynix;🚨;ALERTE;Email_1_Cadavre
Foxconn;🚨;ALERTE;Email_1_Cadavre
Bayer Crop Science;✅;CERTIFICATION;Email_2_Medaille
Nestlé Health Science;✅;CERTIFICATION;Email_2_Medaille
Tempus AI;🚨;ALERTE;Email_1_Cadavre
SentinelOne;✅;CERTIFICATION;Email_2_Medaille
Planet Labs;✅;CERTIFICATION;Email_2_Medaille
Deloitte AI;🚨;ALERTE;Email_1_Cadavre
Rio Tinto;✅;CERTIFICATION;Email_2_Medaille
BHP;✅;CERTIFICATION;Email_2_Medaille
Glencore;✅;CERTIFICATION;Email_2_Medaille
Barrick Gold;🚨;ALERTE;Email_1_Cadavre
Kuehne + Nagel;✅;CERTIFICATION;Email_2_Medaille
UPS Supply Chain;🚨;ALERTE;Email_1_Cadavre
Aramex;✅;CERTIFICATION;Email_2_Medaille
C.H. Robinson;✅;CERTIFICATION;Email_2_Medaille
Bloom Energy;✅;CERTIFICATION;Email_2_Medaille
Plug Power;✅;CERTIFICATION;Email_2_Medaille
Eos Energy;✅;CERTIFICATION;Email_2_Medaille
K&L Gates;✅;CERTIFICATION;Email_2_Medaille
Wacker Chemie;✅;CERTIFICATION;Email_2_Medaille
Roche;✅;CERTIFICATION;Email_2_Medaille
Novartis AI;✅;CERTIFICATION;Email_2_Medaille
Eli Lilly;🚨;ALERTE;Email_1_Cadavre
Novo Nordisk;🚨;ALERTE;Email_1_Cadavre
Sanofi AI;✅;CERTIFICATION;Email_2_Medaille
Schrödinger AI;✅;CERTIFICATION;Email_2_Medaille
Nature Portfolio;✅;CERTIFICATION;Email_2_Medaille
L'Oréal (R&I);✅;CERTIFICATION;Email_2_Medaille
Lockheed Martin (Skunk Works);✅;CERTIFICATION;Email_2_Medaille
Netflix (InterPositive);✅;CERTIFICATION;Email_2_Medaille
Disney (AI-Native);✅;CERTIFICATION;Email_2_Medaille
Universal Music Group (Nvidia AI);✅;CERTIFICATION;Email_2_Medaille
Warner Bros. Discovery (Max);✅;CERTIFICATION;Email_2_Medaille
Unity (Sentis);✅;CERTIFICATION;Email_2_Medaille
Planet Labs (AI Insights);✅;CERTIFICATION;Email_2_Medaille
Iberdrola (Grid AI);✅;CERTIFICATION;Email_2_Medaille
PayPal (Venmo AI);✅;CERTIFICATION;Email_2_Medaille
H&M Group (AI Circular);🚨;ALERTE;Email_1_Cadavre
DARPA;✅;CERTIFICATION;Email_2_Medaille
